{"joint_accuracy": 0.6152668158793733, "act_rec": 0.9605371657439039, "act_prec": 0.9649704142011835, "act_f1": 0.9627486864631914, "act_f1_stderr": 0.0020568654211359275, "slot_rec": 0.9115752285951787, "slot_prec": 0.9273784355179704, "slot_f1": 0.9194089289457138, "slot_f1_stderr": 0.0027832611850470597, "request_slot_rec": 0.8742138364779874, "request_slot_prec": 0.9219387755102041, "request_slot_f1": 0.8974422647131861, "request_slot_f1_stderr": 0.004747653587547823, "object_rec": 0.551518592108998, "object_prec": 0.5576923076923077, "object_f1": 0.5545882688739832, "object_f1_stderr": 0.005937416277698692}